country,player_name,club
Czech Republic,Matěj Kovář,PSV Eindhoven
Czech Republic,David Zima,Slavia Prague
Czech Republic,Tomáš Holeš,Slavia Prague
Czech Republic,Robin Hranáč,TSG Hoffenheim
Czech Republic,Vladimír Coufal,TSG Hoffenheim
Czech Republic,Štěpán Chaloupek,Slavia Prague
Czech Republic,Ladislav Krejčí,Wolverhampton Wanderers
Czech Republic,Vladimír Darida,Hradec Králové
Czech Republic,Adam Hložek,TSG Hoffenheim
Czech Republic,Patrik Schick,Bayer Leverkusen
Czech Republic,Jan Kuchta,Sparta Prague
Czech Republic,Lukáš Červ,Viktoria Plzeň
Czech Republic,Mojmír Chytil,Slavia Prague
Czech Republic,David Jurásek,Slavia Prague
Czech Republic,Pavel Šulc,Olympique Lyonnais
Czech Republic,Jindřich Staněk,Slavia Prague
Czech Republic,Lukáš Provod,Slavia Prague
Czech Republic,Michal Sadílek,Slavia Prague
Czech Republic,Tomáš Chorý,Slavia Prague
Czech Republic,Jaroslav Zelený,Sparta Prague
Czech Republic,David Douděra,Slavia Prague
Czech Republic,Tomáš Souček,West Ham United
Czech Republic,Lukáš Horníček,SC Braga
Czech Republic,Alexandr Sojka,Viktoria Plzeň
Czech Republic,Hugo Sochůrek,Sparta Prague
Czech Republic,Denis Višinský,Viktoria Plzeň
Mexico,Raúl Rangel,CD Guadalajara
Mexico,Jorge Sánchez,PAOK
Mexico,César Montes,Lokomotiv Moscow
Mexico,Edson Álvarez,Fenerbahçe
Mexico,Johan Vásquez,Genoa
Mexico,Érik Lira,Cruz Azul
Mexico,Luis Romo,CD Guadalajara
Mexico,Álvaro Fidalgo,Real Betis
Mexico,Raúl Jiménez,Fulham
Mexico,Alexis Vega,Toluca
Mexico,Santiago Giménez,AC Milan
Mexico,Carlos Acevedo,Santos Laguna
Mexico,Guillermo Ochoa,AEL Limassol
Mexico,Armando González,CD Guadalajara
Mexico,Israel Reyes,Club América
Mexico,Julián Quiñones,Al Qadsiah
Mexico,Orbelín Pineda,AEK Athens
Mexico,Obed Vargas,Atlético Madrid
Mexico,Gilberto Mora,Club Tijuana
Mexico,Mateo Chávez,AZ Alkmaar
Mexico,César Huerta,Anderlecht
Mexico,Guillermo Martínez,Pumas UNAM
Mexico,Jesús Gallardo,Toluca
Mexico,Luis Chávez,Dynamo Moscow
Mexico,Roberto Alvarado,CD Guadalajara
Mexico,Brian Gutiérrez,CD Guadalajara
South Africa,Ronwen Williams,Mamelodi Sundowns
South Africa,Ricardo Goss,Mamelodi Sundowns
South Africa,Sipho Chaine,Orlando Pirates
South Africa,Khuliso Mudau,Mamelodi Sundowns
South Africa,Nkosinathi Sibisi,Orlando Pirates
South Africa,Ime Okon,Hannover 96
South Africa,Khulumani Ndamane,Mamelodi Sundowns
South Africa,Aubrey Modiba,Mamelodi Sundowns
South Africa,Samukelo Kabini,Molde
South Africa,Thabang Matuludi,Polokwane City
South Africa,Olwethu Makhanya,Philadelphia Union
South Africa,Bradley Cross,Kaizer Chiefs
South Africa,Mbekezeli Mbokazi,Chicago Fire
South Africa,Teboho Mokoena,Mamelodi Sundowns
South Africa,Thalente Mbatha,Orlando Pirates
South Africa,Sphephelo Sithole,Tondela
South Africa,Jayden Adams,Mamelodi Sundowns
South Africa,Oswin Appollis,Orlando Pirates
South Africa,Iqraam Rayners,Mamelodi Sundowns
South Africa,Tshepang Moremi,Orlando Pirates
South Africa,Relebohile Mofokeng,Orlando Pirates
South Africa,Evidence Makgopa,Orlando Pirates
South Africa,Themba Zwane,Mamelodi Sundowns
South Africa,Lyle Foster,Burnley
South Africa,Thapelo Maseko,AEL Limassol
South Africa,Kamogelo Sebelebele,Orlando Pirates
South Korea,Jo Hyeon-woo,Ulsan HD
South Korea,Kim Seung-gyu,FC Tokyo
South Korea,Song Bum-keun,Jeonbuk Hyundai Motors
South Korea,Kim Min-jae,Bayern Munich
South Korea,Lee Han-beom,FC Midtjylland
South Korea,Lee Gi-hyuk,Gangwon FC
South Korea,Kim Tae-hyeon,Kashima Antlers
South Korea,Park Jin-seob,Zhejiang Professional
South Korea,Lee Tae-seok,Austria Wien
South Korea,Seol Young-woo,Red Star Belgrade
South Korea,Jens Castrop,Borussia Mönchengladbach
South Korea,Kim Moon-hwan,Daejeon Hana Citizen
South Korea,Yang Hyun-jun,Celtic
South Korea,Paik Seung-ho,Birmingham City
South Korea,Hwang In-beom,Feyenoord
South Korea,Kim Jin-gyu,Jeonbuk Hyundai Motors
South Korea,Bae Jun-ho,Stoke City
South Korea,Eom Ji-sung,Swansea City
South Korea,Hwang Hee-chan,Wolverhampton Wanderers
South Korea,Lee Dong-gyeong,Ulsan HD
South Korea,Lee Jae-sung,Mainz 05
South Korea,Lee Kang-in,Paris Saint-Germain
South Korea,Oh Hyeon-gyu,Beşiktaş
South Korea,Son Heung-min,Los Angeles FC
South Korea,Cho Gue-sung,FC Midtjylland
South Korea,Jo Yu-min,Sharjah FC
Bosnia and Herzegovina,Nikola Vasilj,FC St. Pauli
Bosnia and Herzegovina,Martin Zlomislić,HNK Rijeka
Bosnia and Herzegovina,Osman Hadžikić,Slaven Belupo
Bosnia and Herzegovina,Sead Kolašinac,Atalanta
Bosnia and Herzegovina,Amar Dedić,SL Benfica
Bosnia and Herzegovina,Nihad Mujakić,Gaziantep FK
Bosnia and Herzegovina,Nikola Katić,FC Schalke 04
Bosnia and Herzegovina,Tarik Muharemović,Sassuolo
Bosnia and Herzegovina,Stjepan Radeljić,HNK Rijeka
Bosnia and Herzegovina,Dennis Hadžikadunić,Sampdoria
Bosnia and Herzegovina,Nidal Čelić,RC Lens
Bosnia and Herzegovina,Amir Hadžiahmetović,Hull City
Bosnia and Herzegovina,Ivan Šunjić,Pafos FC
Bosnia and Herzegovina,Ivan Bašić,FC Astana
Bosnia and Herzegovina,Dženis Burnić,Karlsruher SC
Bosnia and Herzegovina,Ermin Mahmić,Slovan Liberec
Bosnia and Herzegovina,Benjamin Tahirović,Brøndby IF
Bosnia and Herzegovina,Amar Memić,Viktoria Plzeň
Bosnia and Herzegovina,Armin Gigović,BSC Young Boys
Bosnia and Herzegovina,Kerim Alajbegović,Red Bull Salzburg
Bosnia and Herzegovina,Esmir Bajraktarević,PSV Eindhoven
Bosnia and Herzegovina,Ermedin Demirović,VfB Stuttgart
Bosnia and Herzegovina,Jovo Lukić,Universitatea Cluj
Bosnia and Herzegovina,Samed Baždar,Jagiellonia Białystok
Bosnia and Herzegovina,Haris Tabaković,Borussia Mönchengladbach
Bosnia and Herzegovina,Edin Džeko,FC Schalke 04
Canada,Dayne St. Clair,Inter Miami
Canada,Maxime Crépeau,Orlando City
Canada,Owen Goodman,Barnsley
Canada,Moïse Bombito,OGC Nice
Canada,Derek Cornelius,Rangers
Canada,Alphonso Davies,Bayern Munich
Canada,Luc de Fougerolles,FCV Dender
Canada,Alistair Johnston,Celtic
Canada,Alfie Jones,Middlesbrough
Canada,Richie Laryea,Toronto FC
Canada,Niko Sigur,HNK Hajduk Split
Canada,Joel Waterman,Chicago Fire
Canada,Ali Ahmed,Norwich City
Canada,Tajon Buchanan,Villarreal
Canada,Mathieu Choinière,Los Angeles FC
Canada,Stephen Eustáquio,Los Angeles FC
Canada,Marcelo Flores,Tigres UANL
Canada,Ismaël Koné,Sassuolo
Canada,Liam Millar,Hull City
Canada,Jonathan Osorio,Toronto FC
Canada,Nathan Saliba,Anderlecht
Canada,Jacob Shaffelburg,Los Angeles FC
Canada,Jonathan David,Juventus
Canada,Promise David,Union Saint-Gilloise
Canada,Cyle Larin,Southampton
Canada,Tani Oluwaseyi,Villarreal
Qatar,Salah Zakaria,Al Duhail
Qatar,Meshaal Barsham,Al Sadd
Qatar,Mahmoud Abunada,Al Rayyan
Qatar,Boualem Khoukhi,Al Sadd
Qatar,Pedro Miguel,Al Sadd
Qatar,Sultan Al Brake,Al Duhail
Qatar,Al-Hashmi Al-Hussain,Al Arabi
Qatar,Ayoub Al-Alawi,Al Gharafa
Qatar,Issa Laye,Al Arabi
Qatar,Lucas Mendes,Al Wakrah
Qatar,Homam Al-Amin,Cultural Leonesa
Qatar,Ahmed Fathi,Al Arabi
Qatar,Jassim Gaber,Al Rayyan
Qatar,Assim Madibo,Al Wakrah
Qatar,Abdulaziz Hatem,Al Rayyan
Qatar,Karim Boudiaf,Al Duhail
Qatar,Mohammed Mannai,Al Shamal
Qatar,Almoez Ali,Al Duhail
Qatar,Akram Afif,Al Sadd
Qatar,Tahsin Mohammed,Al Duhail
Qatar,Edmílson Junior,Al Duhail
Qatar,Ahmed Al-Ganehi,Al Gharafa
Qatar,Ahmed Alaa,Al Rayyan
Qatar,Hassan Al-Haydos,Al Sadd
Qatar,Mohammed Muntari,Al Gharafa
Qatar,Yusuf Abdurisag,Al Wakrah
Switzerland,Gregor Kobel,Borussia Dortmund
Switzerland,Yvon Mvogo,FC Lorient
Switzerland,Marvin Keller,BSC Young Boys
Switzerland,Manuel Akanji,Inter Milan
Switzerland,Nico Elvedi,Borussia Mönchengladbach
Switzerland,Ricardo Rodriguez,Real Betis
Switzerland,Silvan Widmer,Mainz 05
Switzerland,Miro Muheim,Hamburger SV
Switzerland,Aurèle Amenda,Eintracht Frankfurt
Switzerland,Eray Cömert,Valencia
Switzerland,Luca Jaquez,VfB Stuttgart
Switzerland,Granit Xhaka,Sunderland
Switzerland,Johan Manzambi,SC Freiburg
Switzerland,Remo Freuler,Bologna
Switzerland,Denis Zakaria,AS Monaco
Switzerland,Ardon Jashari,AC Milan
Switzerland,Djibril Sow,Sevilla
Switzerland,Christian Fassnacht,BSC Young Boys
Switzerland,Michel Aebischer,Pisa
Switzerland,Fabian Rieder,Augsburg
Switzerland,Rubén Vargas,Sevilla
Switzerland,Breel Embolo,Stade Rennais
Switzerland,Noah Okafor,Leeds United
Switzerland,Dan Ndoye,Nottingham Forest
Switzerland,Zeki Amdouni,Burnley
Switzerland,Cedric Itten,Fortuna Düsseldorf
Brazil,Alisson,Liverpool
Brazil,Éderson,Fenerbahçe
Brazil,Weverton,Grêmio
Brazil,Alex Sandro,Flamengo
Brazil,Bremer,Juventus
Brazil,Danilo,Flamengo
Brazil,Douglas Santos,Zenit St. Petersburg
Brazil,Gabriel Magalhães,Arsenal
Brazil,Léo Pereira,Flamengo
Brazil,Marquinhos,Paris Saint-Germain
Brazil,Roger Ibañez,Al Ahli
Brazil,Wesley,AS Roma
Brazil,Bruno Guimarães,Newcastle United
Brazil,Casemiro,Manchester United
Brazil,Danilo Santos,Botafogo
Brazil,Fabinho,Al Ittihad
Brazil,Lucas Paquetá,Flamengo
Brazil,Endrick,Olympique Lyonnais
Brazil,Gabriel Martinelli,Arsenal
Brazil,Igor Thiago,Brentford
Brazil,Luiz Henrique,Zenit St. Petersburg
Brazil,Matheus Cunha,Manchester United
Brazil,Neymar,Santos
Brazil,Raphinha,FC Barcelona
Brazil,Rayan,AFC Bournemouth
Brazil,Vinícius Júnior,Real Madrid
Morocco,Yassine Bounou,Al Hilal
Morocco,Munir El Kajoui,RS Berkane
Morocco,Reda Tagnaouti,AS FAR
Morocco,Noussair Mazraoui,Manchester United
Morocco,Anass Salah-Eddine,PSV Eindhoven
Morocco,Youssef Belammari,Al Ahly
Morocco,Achraf Hakimi,Paris Saint-Germain
Morocco,Zakaria El Ouahdi,Racing Genk
Morocco,Chadi Riad,Crystal Palace
Morocco,Nayef Aguerd,Olympique de Marseille
Morocco,Redouane Halhal,KV Mechelen
Morocco,Issa Diop,Fulham
Morocco,Samir El Mourabet,RC Strasbourg
Morocco,Ayyoub Bouaddi,LOSC Lille
Morocco,Neil El Aynaoui,AS Roma
Morocco,Sofyan Amrabat,Real Betis
Morocco,Azzedine Ounahi,Girona
Morocco,Bilal El Khannouss,VfB Stuttgart
Morocco,Ismael Saibari,PSV Eindhoven
Morocco,Abde Ezzalzouli,Real Betis
Morocco,Chemsdine Talbi,Sunderland
Morocco,Soufiane Rahimi,Al Ain
Morocco,Ayoub El Kaabi,Olympiacos
Morocco,Brahim Díaz,Real Madrid
Morocco,Gessime Yassine,RC Strasbourg
Morocco,Ayoube Amaimouni,Eintracht Frankfurt
Haiti,Johny Placide,SC Bastia
Haiti,Alexandre Pierre,FC Sochaux
Haiti,Josue Duverger,Cosmos Koblenz
Haiti,Carlens Arcus,Angers SCO
Haiti,Wilguens Paugain,Zulte Waregem
Haiti,Duke Lacroix,Colorado Springs Switchbacks
Haiti,Martin Expérience,AS Nancy
Haiti,Jean-Kévin Duverne,KAA Gent
Haiti,Ricardo Adé,LDU Quito
Haiti,Hannes Delcroix,FC Lugano
Haiti,Keeto Thermoncy,BSC Young Boys
Haiti,Carl Fred Sainté,El Paso Locomotive
Haiti,Leverton Pierre,FC Vizela
Haiti,Danley Jean Jacques,Philadelphia Union
Haiti,Jean-Ricner Bellegarde,Wolverhampton Wanderers
Haiti,Woodensky Pierre,Violette AC
Haiti,Dominique Simon,FC Tatran Prešov
Haiti,Don Deedson Louicius,FC Dallas
Haiti,Josué Casimir,AJ Auxerre
Haiti,Derrick Etienne,Toronto FC
Haiti,Ruben Providence,Almere City
Haiti,Duckens Nazon,Esteghlal
Haiti,Frantzdy Pierrot,Çaykur Rizespor
Haiti,Wilson Isidor,Sunderland
Haiti,Yassin Fortuné,FC Vizela
Haiti,Lenny Joseph,Ferencváros
Scotland,Craig Gordon,Heart of Midlothian
Scotland,Angus Gunn,Nottingham Forest
Scotland,Liam Kelly,Rangers
Scotland,Grant Hanley,Hibernian
Scotland,Jack Hendry,Al Ettifaq
Scotland,Aaron Hickey,Brentford
Scotland,Dom Hyam,Wrexham
Scotland,Scott McKenna,Dinamo Zagreb
Scotland,Nathan Patterson,Everton
Scotland,Anthony Ralston,Celtic
Scotland,Andy Robertson,Liverpool
Scotland,John Souttar,Rangers
Scotland,Kieran Tierney,Celtic
Scotland,Ryan Christie,AFC Bournemouth
Scotland,Finlay Curtis,Kilmarnock
Scotland,Lewis Ferguson,Bologna
Scotland,Ben Doak,AFC Bournemouth
Scotland,Billy Gilmour,Napoli
Scotland,John McGinn,Aston Villa
Scotland,Kenny McLean,Norwich City
Scotland,Scott McTominay,Napoli
Scotland,Ché Adams,Torino
Scotland,Lyndon Dykes,Charlton Athletic
Scotland,George Hirst,Ipswich Town
Scotland,Lawrence Shankland,Heart of Midlothian
Scotland,Ross Stewart,Southampton
United States,Chris Brady,Chicago Fire
United States,Matt Freese,New York City FC
United States,Matt Turner,New England Revolution
United States,Max Arfsten,Columbus Crew
United States,Sergiño Dest,PSV Eindhoven
United States,Alex Freeman,Villarreal
United States,Mark McKenzie,Toulouse
United States,Tim Ream,Charlotte FC
United States,Chris Richards,Crystal Palace
United States,Antonee Robinson,Fulham
United States,Miles Robinson,FC Cincinnati
United States,Joe Scally,Borussia Mönchengladbach
United States,Auston Trusty,Celtic
United States,Tyler Adams,AFC Bournemouth
United States,Sebastian Berhalter,Vancouver Whitecaps
United States,Weston McKennie,Juventus
United States,Cristian Roldan,Seattle Sounders
United States,Brenden Aaronson,Leeds United
United States,Malik Tillman,Bayer Leverkusen
United States,Tim Weah,Olympique de Marseille
United States,Alejandro Zendejas,Club América
United States,Christian Pulisic,AC Milan
United States,Gio Reyna,Borussia Mönchengladbach
United States,Folarin Balogun,AS Monaco
United States,Ricardo Pepi,PSV Eindhoven
United States,Haji Wright,Coventry City
Australia,Mathew Ryan,Levante
Australia,Paul Izzo,Randers FC
Australia,Patrick Beach,Melbourne City
Australia,Jordan Bos,Feyenoord
Australia,Aziz Behich,Melbourne City
Australia,Harry Souttar,Leicester City
Australia,Alessandro Circati,Parma
Australia,Lucas Herrington,Colorado Rapids
Australia,Cameron Burgess,Swansea City
Australia,Kai Trewin,New York City FC
Australia,Milos Degenek,APOEL Nicosia
Australia,Jason Geria,Albirex Niigata
Australia,Jacob Italiano,Grazer AK
Australia,Jackson Irvine,FC St. Pauli
Australia,Aiden O'Neill,New York City FC
Australia,Paul Okon Jr,Sydney FC
Australia,Cameron Devlin,Heart of Midlothian
Australia,Connor Metcalfe,FC St. Pauli
Australia,Mathew Leckie,Melbourne City
Australia,Nishan Velupillay,Melbourne Victory
Australia,Cristian Volpato,Sassuolo
Australia,Nestory Irankunda,Watford
Australia,Awer Mabil,CD Castellón
Australia,Ajdin Hrustic,Heracles Almelo
Australia,Mohamed Toure,Norwich City
Australia,Tete Yengi,Machida Zelvia
Paraguay,Roberto Fernández,Cerro Porteño
Paraguay,Orlando Gill,San Lorenzo
Paraguay,Gastón Olveira,Olimpia
Paraguay,Gustavo Gómez,Palmeiras
Paraguay,Júnior Alonso,Atlético Mineiro
Paraguay,Fabián Balbuena,Grêmio
Paraguay,Omar Alderete,Sunderland
Paraguay,Juan Cáceres,Dynamo Moscow
Paraguay,José Canale,Lanús
Paraguay,Alexandro Maidana,Talleres
Paraguay,Gustavo Velázquez,Cerro Porteño
Paraguay,Miguel Almirón,Atlanta United
Paraguay,Kaku,Al Ain
Paraguay,Andrés Cubas,Vancouver Whitecaps
Paraguay,Ramón Sosa,Palmeiras
Paraguay,Diego Gómez,Brighton and Hove Albion
Paraguay,Damián Bobadilla,São Paulo
Paraguay,Braian Ojeda,Orlando City
Paraguay,Matías Galarza,Atlanta United
Paraguay,Maurício,Palmeiras
Paraguay,Antonio Sanabria,Cremonese
Paraguay,Julio Enciso,RC Strasbourg
Paraguay,Gabriel Ávalos,Independiente
Paraguay,Alex Arce,Independiente Rivadavia
Paraguay,Isidro Pitta,Red Bull Bragantino
Paraguay,Gustavo Caballero,Portsmouth
Turkey,Uğurcan Çakır,Galatasaray
Turkey,Mert Günok,Fenerbahçe
Turkey,Altay Bayındır,Manchester United
Turkey,Merih Demiral,Al-Ahli
Turkey,Zeki Çelik,AS Roma
Turkey,Çağlar Söyüncü,Fenerbahçe
Turkey,Mert Müldür,Fenerbahçe
Turkey,Ferdi Kadıoğlu,Brighton and Hove Albion
Turkey,Ozan Kabak,TSG Hoffenheim
Turkey,Abdülkerim Bardakcı,Galatasaray
Turkey,Eren Elmalı,Galatasaray
Turkey,Samet Akaydin,Çaykur Rizespor
Turkey,Hakan Çalhanoğlu,Inter Milan
Turkey,Kaan Ayhan,Galatasaray
Turkey,Orkun Kökçü,Beşiktaş
Turkey,İsmail Yüksek,Fenerbahçe
Turkey,Salih Özcan,Borussia Dortmund
Turkey,Kerem Aktürkoğlu,Fenerbahçe
Turkey,İrfan Can Kahveci,Kasımpaşa
Turkey,Barış Alper Yılmaz,Galatasaray
Turkey,Arda Güler,Real Madrid
Turkey,Kenan Yıldız,Juventus
Turkey,Yunus Akgün,Galatasaray
Turkey,Oğuz Aydın,Fenerbahçe
Turkey,Deniz Gül,FC Porto
Turkey,Can Uzun,Eintracht Frankfurt
Germany,Oliver Baumann,TSG Hoffenheim
Germany,Manuel Neuer,Bayern Munich
Germany,Alexander Nübel,VfB Stuttgart
Germany,Waldemar Anton,Borussia Dortmund
Germany,Nathaniel Brown,Eintracht Frankfurt
Germany,David Raum,RB Leipzig
Germany,Antonio Rüdiger,Real Madrid
Germany,Nico Schlotterbeck,Borussia Dortmund
Germany,Jonathan Tah,Bayern Munich
Germany,Malick Thiaw,Newcastle United
Germany,Pascal Groß,Brighton and Hove Albion
Germany,Joshua Kimmich,Bayern Munich
Germany,Felix Nmecha,Borussia Dortmund
Germany,Aleksandar Pavlović,Bayern Munich
Germany,Angelo Stiller,VfB Stuttgart
Germany,Leon Goretzka,Bayern Munich
Germany,Florian Wirtz,Liverpool
Germany,Jamie Leweling,VfB Stuttgart
Germany,Maximilian Beier,Borussia Dortmund
Germany,Kai Havertz,Arsenal
Germany,Lennart Karl,Bayern Munich
Germany,Jamal Musiala,Bayern Munich
Germany,Leroy Sané,Galatasaray
Germany,Deniz Undav,VfB Stuttgart
Germany,Nick Woltemade,Newcastle United
Curaçao,Eloy Room,Miami FC
Curaçao,Tyrick Bodak,Telstar
Curaçao,Trevor Doornbusch,VVV Venlo
Curaçao,Riechedly Bazoer,Konyaspor
Curaçao,Joshua Brenet,Kayserispor
Curaçao,Roshon van Eijma,RKC Waalwijk
Curaçao,Sherel Floranus,PEC Zwolle
Curaçao,Deveron Fonville,NEC Nijmegen
Curaçao,Juriën Gaari,Abha Club
Curaçao,Armando Obispo,PSV Eindhoven
Curaçao,Shurandy Sambo,Sparta Rotterdam
Curaçao,Juninho Bacuna,FC Volendam
Curaçao,Leandro Bacuna,Iğdır FK
Curaçao,Livano Comenencia,FC Zürich
Curaçao,Kevin Felida,FC Den Bosch
Curaçao,Ar'jany Martha,Rotherham United
Curaçao,Tyrese Noslin,Telstar
Curaçao,Godfried Roemeratoe,RKC Waalwijk
Curaçao,Jeremy Antonisse,Kifisia FC
Curaçao,Tahith Chong,Sheffield United
Curaçao,Kenji Gorré,Maccabi Haifa
Curaçao,Sontje Hansen,Middlesbrough
Curaçao,Gervane Kastaneer,Terengganu FC
Curaçao,Brandley Kuwas,FC Volendam
Curaçao,Jurgen Locadia,Miami FC
Curaçao,Jearl Margaritha,Beveren
Ivory Coast,Yahia Fofana,Çaykur Rizespor
Ivory Coast,Mohamed Koné,Charleroi
Ivory Coast,Alban Lafont,Panathinaikos
Ivory Coast,Emmanuel Agbadou,Beşiktaş
Ivory Coast,Clément Akpa,AJ Auxerre
Ivory Coast,Ousmane Diomandé,Sporting CP
Ivory Coast,Guela Doué,RC Strasbourg
Ivory Coast,Ghislain Konan,Gil Vicente
Ivory Coast,Odilon Kossounou,Atalanta
Ivory Coast,Evan Ndicka,AS Roma
Ivory Coast,Wilfried Singo,Galatasaray
Ivory Coast,Seko Fofana,FC Porto
Ivory Coast,Parfait Guiagon,Charleroi
Ivory Coast,Franck Kessié,Al Ahli
Ivory Coast,Christ Inao Oulaï,Trabzonspor
Ivory Coast,Ibrahim Sangaré,Nottingham Forest
Ivory Coast,Jean Michaël Seri,NK Maribor
Ivory Coast,Simon Adingra,AS Monaco
Ivory Coast,Ange-Yoan Bonny,Inter Milan
Ivory Coast,Amad Diallo,Manchester United
Ivory Coast,Oumar Diakité,Cercle Brugge
Ivory Coast,Yan Diomandé,RB Leipzig
Ivory Coast,Evann Guessand,Aston Villa
Ivory Coast,Nicolas Pépé,Villarreal
Ivory Coast,Bazoumana Touré,TSG Hoffenheim
Ivory Coast,Elye Wahi,OGC Nice
Ecuador,Hernán Galíndez,Huracán
Ecuador,Moisés Ramírez,AE Kifisias
Ecuador,Gonzalo Valle,LDU Quito
Ecuador,Willian Pacho,Paris Saint-Germain
Ecuador,Piero Hincapié,Arsenal
Ecuador,Joel Ordóñez,Club Brugge
Ecuador,Félix Torres,Internacional
Ecuador,Pervis Estupiñán,AC Milan
Ecuador,Yaimar Medina,Racing Genk
Ecuador,Ángelo Preciado,Atlético Mineiro
Ecuador,Jackson Porozo,Club Tijuana
Ecuador,Alan Minda,Atlético Mineiro
Ecuador,Moisés Caicedo,Chelsea
Ecuador,Jordy Alcívar,Independiente del Valle
Ecuador,Denil Castillo,FC Midtjylland
Ecuador,John Yeboah,Venezia
Ecuador,Alan Franco,Atlético Mineiro
Ecuador,Pedro Vite,Pumas UNAM
Ecuador,Kendry Páez,River Plate
Ecuador,Nilson Angulo,Sunderland
Ecuador,Gonzalo Plata,Flamengo
Ecuador,Kevin Rodríguez,Union Saint-Gilloise
Ecuador,Anthony Valencia,Royal Antwerp
Ecuador,Enner Valencia,Pachuca
Ecuador,Jordy Caicedo,Huracán
Ecuador,Jeremy Arévalo,VfB Stuttgart
Netherlands,Mark Flekken,Bayer Leverkusen
Netherlands,Robin Roefs,Sunderland
Netherlands,Bart Verbruggen,Brighton and Hove Albion
Netherlands,Nathan Aké,Manchester City
Netherlands,Denzel Dumfries,Inter Milan
Netherlands,Jorrel Hato,Chelsea
Netherlands,Jurriën Timber,Arsenal
Netherlands,Jan Paul van Hecke,Brighton and Hove Albion
Netherlands,Micky van de Ven,Tottenham Hotspur
Netherlands,Virgil van Dijk,Liverpool
Netherlands,Frenkie de Jong,FC Barcelona
Netherlands,Marten de Roon,Atalanta
Netherlands,Ryan Gravenberch,Liverpool
Netherlands,Teun Koopmeiners,Juventus
Netherlands,Tijjani Reijnders,Manchester City
Netherlands,Guus Til,PSV Eindhoven
Netherlands,Quinten Timber,Olympique de Marseille
Netherlands,Mats Wieffer,Brighton and Hove Albion
Netherlands,Brian Brobbey,Sunderland
Netherlands,Memphis Depay,Corinthians
Netherlands,Cody Gakpo,Liverpool
Netherlands,Justin Kluivert,AFC Bournemouth
Netherlands,Noa Lang,Galatasaray
Netherlands,Donyell Malen,AS Roma
Netherlands,Crysencio Summerville,West Ham United
Netherlands,Wout Weghorst,Ajax
Japan,Zion Suzuki,Parma
Japan,Keisuke Osako,Sanfrecce Hiroshima
Japan,Tomoki Hayakawa,Kashima Antlers
Japan,Yūto Nagatomo,FC Tokyo
Japan,Shogo Taniguchi,Sint-Truiden
Japan,Ko Itakura,Ajax
Japan,Tsuyoshi Watanabe,Feyenoord
Japan,Takehiro Tomiyasu,Ajax
Japan,Hiroki Ito,Bayern Munich
Japan,Ayumu Seko,Le Havre
Japan,Yukinari Sugawara,Werder Bremen
Japan,Junnosuke Suzuki,FC Copenhagen
Japan,Wataru Endo,Liverpool
Japan,Junya Ito,KRC Genk
Japan,Daichi Kamada,Crystal Palace
Japan,Ritsu Doan,Eintracht Frankfurt
Japan,Ao Tanaka,Leeds United
Japan,Keito Nakamura,Stade de Reims
Japan,Kaishu Sano,Mainz 05
Japan,Takefusa Kubo,Real Sociedad
Japan,Yuito Suzuki,SC Freiburg
Japan,Koki Ogawa,NEC Nijmegen
Japan,Daizen Maeda,Celtic
Japan,Ayase Ueda,Feyenoord
Japan,Kento Shiogai,VfL Wolfsburg
Japan,Keisuke Goto,Sint-Truiden
Sweden,Viktor Johansson,Stoke City
Sweden,Kristoffer Nordfeldt,AIK
Sweden,Jacob Widell Zetterström,Derby County
Sweden,Hjalmar Ekdal,Burnley
Sweden,Gabriel Gudmundsson,Leeds United
Sweden,Isak Hien,Atalanta
Sweden,Emil Holm,Juventus
Sweden,Gustaf Lagerbielke,SC Braga
Sweden,Victor Lindelöf,Aston Villa
Sweden,Erik Smith,FC St. Pauli
Sweden,Carl Starfelt,Celta de Vigo
Sweden,Elliot Stroud,Mjällby AIF
Sweden,Daniel Svensson,Borussia Dortmund
Sweden,Taha Ali,Malmö FF
Sweden,Yasin Ayari,Brighton and Hove Albion
Sweden,Lucas Bergvall,Tottenham Hotspur
Sweden,Jesper Karlström,Udinese
Sweden,Ken Sema,Pafos FC
Sweden,Mattias Svanberg,VfL Wolfsburg
Sweden,Besfort Zeneli,Union Saint-Gilloise
Sweden,Alexander Bernhardsson,Holstein Kiel
Sweden,Anthony Elanga,Newcastle United
Sweden,Viktor Gyökeres,Arsenal
Sweden,Alexander Isak,Liverpool
Sweden,Gustaf Nilsson,Club Brugge
Sweden,Benjamin Nygren,Celtic
Tunisia,Aymen Dahmen,CS Sfaxien
Tunisia,Sabri Ben Hessen,Étoile du Sahel
Tunisia,Abdelmouhib Chamakh,Club Africain
Tunisia,Montassar Talbi,FC Lorient
Tunisia,Dylan Bronn,Servette FC
Tunisia,Omar Rekik,NK Maribor
Tunisia,Yan Valery,BSC Young Boys
Tunisia,Ali Abdi,OGC Nice
Tunisia,Moutaz Neffati,IFK Norrköping
Tunisia,Raed Chikhaoui,US Monastir
Tunisia,Adam Arous,Kasımpaşa
Tunisia,Mohamed Amine Ben Hamida,Espérance de Tunis
Tunisia,Ellyes Skhiri,Eintracht Frankfurt
Tunisia,Hannibal Mejbri,Burnley
Tunisia,Anis Ben Slimane,Norwich City
Tunisia,Hadj Mahmoud,FC Lugano
Tunisia,Rani Khedira,Union Berlin
Tunisia,Mortadha Ben Ouanes,Kasımpaşa
Tunisia,Elias Achouri,FC Copenhagen
Tunisia,Ismaël Gharbi,Augsburg
Tunisia,Elias Saad,Hannover 96
Tunisia,Sebastian Tounekti,Celtic
Tunisia,Firas Chaouat,Club Africain
Tunisia,Khalil Ayari,Paris Saint-Germain
Tunisia,Hazem Mastouri,Dynamo Makhachkala
Tunisia,Rayan Elloumi,Vancouver Whitecaps
Belgium,Thibaut Courtois,Real Madrid
Belgium,Senne Lammens,Manchester United
Belgium,Mike Penders,Chelsea
Belgium,Timothy Castagne,Fulham
Belgium,Zeno Debast,Sporting CP
Belgium,Maxim De Cuyper,Brighton and Hove Albion
Belgium,Koni De Winter,AC Milan
Belgium,Brandon Mechele,Club Brugge
Belgium,Thomas Meunier,LOSC Lille
Belgium,Nathan Ngoy,LOSC Lille
Belgium,Joaquin Seys,Club Brugge
Belgium,Arthur Theate,Eintracht Frankfurt
Belgium,Kevin De Bruyne,Napoli
Belgium,Amadou Onana,Aston Villa
Belgium,Nicolas Raskin,Rangers
Belgium,Youri Tielemans,Aston Villa
Belgium,Hans Vanaken,Club Brugge
Belgium,Axel Witsel,Girona
Belgium,Charles De Ketelaere,Atalanta
Belgium,Jérémy Doku,Manchester City
Belgium,Matias Fernandez-Pardo,LOSC Lille
Belgium,Romelu Lukaku,Napoli
Belgium,Dodi Lukebakio,SL Benfica
Belgium,Diego Moreira,RC Strasbourg
Belgium,Alexis Saelemaekers,AC Milan
Belgium,Leandro Trossard,Arsenal
Egypt,Mohamed El Shenawy,Al Ahly
Egypt,Mostafa Shobeir,Al Ahly
Egypt,El Mahdy Soliman,Zamalek
Egypt,Mohamed Alaa,El Gouna
Egypt,Mohamed Hany,Al Ahly
Egypt,Tarek Alaa,Zamalek
Egypt,Hamdy Fathy,Al Wakrah
Egypt,Ramy Rabia,Al Ain
Egypt,Yasser Ibrahim,Al Ahly
Egypt,Hossam Abdelmaguid,Zamalek
Egypt,Mohamed Abdelmonem,OGC Nice
Egypt,Ahmed Fatouh,Zamalek
Egypt,Karim Hafez,Pyramids FC
Egypt,Marwan Attia,Al Ahly
Egypt,Mohanad Lasheen,Pyramids FC
Egypt,Nabil Emad,Al Najma
Egypt,Mahmoud Saber,Zed FC
Egypt,Ahmed Zizo,Al Ahly
Egypt,Emam Ashour,Al Ahly
Egypt,Mostafa Ziko,Pyramids FC
Egypt,Mahmoud Trezeguet,Al Ahly
Egypt,Ibrahim Adel,FC Nordsjælland
Egypt,Haissem Hassan,Real Oviedo
Egypt,Omar Marmoush,Manchester City
Egypt,Mohamed Salah,Liverpool
Egypt,Hamza Abdelkarim,FC Barcelona B
Iran,Alireza Beiranvand,Tractor SC
Iran,Hossein Hosseini,Sepahan
Iran,Payam Niazmand,Persepolis
Iran,Danial Eiri,Malavan
Iran,Ehsan Hajsafi,Sepahan
Iran,Saleh Hardani,Esteghlal
Iran,Hossein Kanaani,Persepolis
Iran,Shoja Khalilzadeh,Tractor SC
Iran,Milad Mohammadi,Persepolis
Iran,Ali Nemati,Sepahan
Iran,Ramin Rezaeian,Foolad
Iran,Rouzbeh Cheshmi,Esteghlal
Iran,Saeid Ezatolahi,Shabab Al-Ahli
Iran,Mehdi Ghaedi,Al-Nassr
Iran,Saman Ghoddos,Kalba FC
Iran,Mohammad Ghorbani,Al-Wahda
Iran,Alireza Jahanbakhsh,FCV Dender
Iran,Mohammad Mohebi,FK Rostov
Iran,Amir Mohammad Razzaghinia,Esteghlal
Iran,Mehdi Torabi,Tractor SC
Iran,Aria Yousefi,Sepahan
Iran,Ali Alipour,Persepolis
Iran,Dennis Dargahi,Standard Liège
Iran,Amirhossein Hosseinzadeh,Tractor SC
Iran,Amirhossein Mahmoudi,Persepolis
Iran,Mehdi Taremi,Olympiacos
New Zealand,Max Crocombe,Millwall
New Zealand,Alex Paulsen,Lechia Gdańsk
New Zealand,Michael Woud,Auckland FC
New Zealand,Tim Payne,Wellington Phoenix
New Zealand,Francis De Vries,Auckland FC
New Zealand,Tyler Bindon,Nottingham Forest
New Zealand,Michael Boxall,Minnesota United
New Zealand,Liberato Cacace,Wrexham
New Zealand,Nando Pijnaker,Auckland FC
New Zealand,Finn Surman,Portland Timbers
New Zealand,Callan Elliot,Auckland FC
New Zealand,Tommy Smith,Braintree Town
New Zealand,Joe Bell,Viking FK
New Zealand,Matt Garbett,Peterborough United
New Zealand,Marko Stamenic,Swansea City
New Zealand,Sarpreet Singh,Wellington Phoenix
New Zealand,Alex Rufer,Wellington Phoenix
New Zealand,Ryan Thomas,PEC Zwolle
New Zealand,Chris Wood,Nottingham Forest
New Zealand,Eli Just,Motherwell
New Zealand,Kosta Barbarouses,Western Sydney Wanderers
New Zealand,Ben Waine,Port Vale
New Zealand,Ben Old,AS Saint-Étienne
New Zealand,Callum McCowatt,Silkeborg IF
New Zealand,Jesse Randall,Auckland FC
New Zealand,Lachlan Bayliss,Newcastle Jets
Spain,Unai Simón,Athletic Club
Spain,David Raya,Arsenal
Spain,Joan García,FC Barcelona
Spain,Marc Cucurella,Chelsea
Spain,Pau Cubarsí,FC Barcelona
Spain,Aymeric Laporte,Athletic Club
Spain,Álex Grimaldo,Bayer Leverkusen
Spain,Pedro Porro,Tottenham Hotspur
Spain,Eric García,FC Barcelona
Spain,Marcos Llorente,Atlético Madrid
Spain,Marc Pubill,Atlético Madrid
Spain,Gavi,FC Barcelona
Spain,Rodri,Manchester City
Spain,Pedri,FC Barcelona
Spain,Martín Zubimendi,Arsenal
Spain,Fabián Ruiz,Paris Saint-Germain
Spain,Álex Baena,Atlético Madrid
Spain,Mikel Merino,Arsenal
Spain,Lamine Yamal,FC Barcelona
Spain,Nico Williams,Athletic Club
Spain,Dani Olmo,FC Barcelona
Spain,Ferran Torres,FC Barcelona
Spain,Mikel Oyarzabal,Real Sociedad
Spain,Yéremy Pino,Crystal Palace
Spain,Borja Iglesias,Celta de Vigo
Spain,Víctor Muñoz,CA Osasuna
Cape Verde,Vozinha,GD Chaves
Cape Verde,Márcio Rosa,CF Montana
Cape Verde,CJ dos Santos,San Diego FC
Cape Verde,Steven Moreira,Columbus Crew
Cape Verde,Wagner Pina,Trabzonspor
Cape Verde,João Paulo,FCSB
Cape Verde,Sidney Lopes Cabral,SL Benfica
Cape Verde,Logan Costa,Villarreal
Cape Verde,Pico,Shamrock Rovers
Cape Verde,Kelvin Pires,SJK
Cape Verde,Stopira,SC Torreense
Cape Verde,Diney,Al Bataeh
Cape Verde,Jamiro Monteiro,PEC Zwolle
Cape Verde,Telmo Arcanjo,Vitória de Guimarães
Cape Verde,Yannick Semedo,SC Farense
Cape Verde,Laros Duarte,Puskás Akadémia
Cape Verde,Deroy Duarte,Ludogorets Razgrad
Cape Verde,Kevin Pina,FK Krasnodar
Cape Verde,Ryan Mendes,Iğdır FK
Cape Verde,Willy Semedo,Omonia Nicosia
Cape Verde,Garry Rodrigues,Apollon Limassol
Cape Verde,Jovane Cabral,Estrela Amadora
Cape Verde,Nuno da Costa,İstanbul Başakşehir
Cape Verde,Dailon Livramento,Casa Pia
Cape Verde,Gilson Benchimol,Akron Tolyatti
Cape Verde,Hélio Varela,Maccabi Tel Aviv
Uruguay,Fernando Muslera,Estudiantes de La Plata
Uruguay,Sergio Rochet,Internacional
Uruguay,Santiago Mele,CF Monterrey
Uruguay,Ronald Araújo,FC Barcelona
Uruguay,José María Giménez,Atlético Madrid
Uruguay,Santiago Bueno,Wolverhampton Wanderers
Uruguay,Sebastián Cáceres,Club América
Uruguay,Mathías Olivera,Napoli
Uruguay,Guillermo Varela,Flamengo
Uruguay,Matías Viña,River Plate
Uruguay,Joaquín Piquerez,Palmeiras
Uruguay,Juan Manuel Sanabria,Real Salt Lake
Uruguay,Federico Valverde,Real Madrid
Uruguay,Rodrigo Bentancur,Tottenham Hotspur
Uruguay,Manuel Ugarte,Manchester United
Uruguay,Emiliano Martínez,Palmeiras
Uruguay,Rodrigo Zalazar,Sporting CP
Uruguay,Giorgian De Arrascaeta,Flamengo
Uruguay,Nicolás De La Cruz,Flamengo
Uruguay,Agustín Canobbio,Fluminense
Uruguay,Maximiliano Araújo,Sporting CP
Uruguay,Brian Rodríguez,Club América
Uruguay,Facundo Pellistri,Panathinaikos
Uruguay,Darwin Núñez,Al Hilal
Uruguay,Federico Viñas,Real Oviedo
Uruguay,Rodrigo Aguirre,Tigres UANL
Saudi Arabia,Mohammed Al Owais,Al Ula FC
Saudi Arabia,Nawaf Al Aqidi,Al Nassr
Saudi Arabia,Ahmed Al Kassar,Al Qadsiah
Saudi Arabia,Abdulelah Al Amri,Al Nassr
Saudi Arabia,Hassan Tambakti,Al Hilal
Saudi Arabia,Jehad Thikri,Al Qadsiah
Saudi Arabia,Ali Lajami,Al Hilal
Saudi Arabia,Hassan Kadesh,Al Ittihad
Saudi Arabia,Saud Abdulhamid,RC Lens
Saudi Arabia,Mohammed Abu Al Shamat,Al Qadsiah
Saudi Arabia,Ali Majrashi,Al Ahli
Saudi Arabia,Moteb Al Harbi,Al Hilal
Saudi Arabia,Nawaf Boushal,Al Nassr
Saudi Arabia,Sultan Al-Ghannam,Al Nassr
Saudi Arabia,Mohammed Kanno,Al Hilal
Saudi Arabia,Abdullah Al Khaibari,Al Nassr
Saudi Arabia,Ziyad Al Johani,Al Ahli
Saudi Arabia,Nasser Al Dawsari,Al Hilal
Saudi Arabia,Musab Al Juwayr,Al Qadsiah
Saudi Arabia,Alaa Al Hajji,Neom FC
Saudi Arabia,Salem Al Dawsari,Al Hilal
Saudi Arabia,Khalid Al Ghannam,Al Ettifaq
Saudi Arabia,Ayman Yahya,Al Nassr
Saudi Arabia,Firas Al Buraikan,Al Ahli
Saudi Arabia,Saleh Al Shehri,Al Ittihad
Saudi Arabia,Abdullah Al Hamdan,Al Nassr
France,Mike Maignan,AC Milan
France,Robin Risser,RC Lens
France,Brice Samba,Stade Rennais
France,Lucas Digne,Aston Villa
France,Malo Gusto,Chelsea
France,Lucas Hernández,Paris Saint-Germain
France,Theo Hernández,Al Hilal
France,Ibrahima Konaté,Liverpool
France,Jules Koundé,FC Barcelona
France,Maxence Lacroix,Crystal Palace
France,William Saliba,Arsenal
France,Dayot Upamecano,Bayern Munich
France,N'Golo Kanté,Fenerbahçe
France,Manu Koné,AS Roma
France,Adrien Rabiot,AC Milan
France,Aurélien Tchouaméni,Real Madrid
France,Warren Zaïre-Emery,Paris Saint-Germain
France,Maghnes Akliouche,AS Monaco
France,Bradley Barcola,Paris Saint-Germain
France,Rayan Cherki,Manchester City
France,Ousmane Dembélé,Paris Saint-Germain
France,Désiré Doué,Paris Saint-Germain
France,Jean-Philippe Mateta,Crystal Palace
France,Kylian Mbappé,Real Madrid
France,Michael Olise,Bayern Munich
France,Marcus Thuram,Inter Milan
Senegal,Édouard Mendy,Al Ahli
Senegal,Mory Diaw,Le Havre AC
Senegal,Yehvann Diouf,OGC Nice
Senegal,Krépin Diatta,AS Monaco
Senegal,Antoine Mendy,OGC Nice
Senegal,Kalidou Koulibaly,Al Hilal
Senegal,El Hadji Malick Diouf,West Ham United
Senegal,Mamadou Sarr,Chelsea
Senegal,Moussa Niakhaté,Olympique Lyonnais
Senegal,Abdoulaye Seck,Maccabi Haifa
Senegal,Ismail Jakobs,Galatasaray
Senegal,Idrissa Gana Gueye,Everton
Senegal,Pape Gueye,Villarreal
Senegal,Lamine Camara,AS Monaco
Senegal,Habib Diarra,Sunderland
Senegal,Pathé Ciss,Rayo Vallecano
Senegal,Pape Matar Sarr,Tottenham Hotspur
Senegal,Bara Sapoko Ndiaye,Bayern Munich
Senegal,Sadio Mané,Al Nassr
Senegal,Ismaïla Sarr,Crystal Palace
Senegal,Nicolas Jackson,Chelsea
Senegal,Iliman Ndiaye,Everton
Senegal,Boulaye Dia,Lazio
Senegal,Abdallah Sima,Stade Rennais
Senegal,Cherif Ndiaye,Beşiktaş
Senegal,Bamba Dieng,OGC Nice
Argentina,Emiliano Martínez,Aston Villa
Argentina,Gerónimo Rulli,Olympique de Marseille
Argentina,Juan Musso,Atlético Madrid
Argentina,Gonzalo Montiel,River Plate
Argentina,Nahuel Molina,Atlético Madrid
Argentina,Lisandro Martínez,Manchester United
Argentina,Nicolás Otamendi,SL Benfica
Argentina,Marcos Senesi,Tottenham Hotspur
Argentina,Cristian Romero,Tottenham Hotspur
Argentina,Facundo Medina,Olympique de Marseille
Argentina,Nicolás Tagliafico,Olympique Lyonnais
Argentina,Leandro Paredes,Boca Juniors
Argentina,Rodrigo De Paul,Inter Miami
Argentina,Exequiel Palacios,Bayer Leverkusen
Argentina,Enzo Fernández,Chelsea
Argentina,Alexis Mac Allister,Liverpool
Argentina,Giovani Lo Celso,Real Betis
Argentina,Valentín Barco,RC Strasbourg
Argentina,Lionel Messi,Inter Miami
Argentina,Nicolás Paz,Como 1907
Argentina,Thiago Almada,Atlético Madrid
Argentina,Nicolás González,Atlético Madrid
Argentina,Giuliano Simeone,Atlético Madrid
Argentina,Lautaro Martínez,Inter Milan
Argentina,José Manuel López,Palmeiras
Argentina,Julián Álvarez,Atlético Madrid
Algeria,Oussama Benbot,USM Alger
Algeria,Melvin Mastil,Stade Nyonnais
Algeria,Luca Zidane,Granada CF
Algeria,Achref Abada,USM Alger
Algeria,Rayan Aït-Nouri,Manchester City
Algeria,Zineddine Belaïd,JS Kabylie
Algeria,Rafik Belghali,Hellas Verona
Algeria,Ramy Bensebaini,Borussia Dortmund
Algeria,Samir Chergui,Paris FC
Algeria,Jaouen Hadjam,BSC Young Boys
Algeria,Aïssa Mandi,LOSC Lille
Algeria,Mohamed Amine Tougaï,Espérance de Tunis
Algeria,Houssem Aouar,Al-Ittihad
Algeria,Nabil Bentaleb,LOSC Lille
Algeria,Hichem Boudaoui,OGC Nice
Algeria,Farès Chaïbi,Eintracht Frankfurt
Algeria,Ibrahim Maza,Bayer Leverkusen
Algeria,Yacine Titraoui,Royal Charleroi
Algeria,Ramiz Zerrouki,FC Twente
Algeria,Mohamed Amine Amoura,VfL Wolfsburg
Algeria,Nadhir Benbouali,Győri ETO FC
Algeria,Adil Boulbina,Al-Duhail
Algeria,Farès Ghedjemis,Frosinone
Algeria,Amine Gouiri,Olympique de Marseille
Algeria,Anis Hadj Moussa,Feyenoord
Algeria,Riyad Mahrez,Al-Ahli
Austria,Alexander Schlager,Red Bull Salzburg
Austria,Florian Wiegele,Viktoria Plzeň
Austria,Patrick Pentz,Brøndby IF
Austria,David Affengruber,Elche CF
Austria,Kevin Danso,Tottenham Hotspur
Austria,Stefan Posch,Mainz 05
Austria,David Alaba,Real Madrid
Austria,Philipp Lienhart,SC Freiburg
Austria,Phillipp Mwene,Mainz 05
Austria,Alexander Prass,TSG Hoffenheim
Austria,Marco Friedl,Werder Bremen
Austria,Michael Svoboda,Venezia
Austria,Xaver Schlager,RB Leipzig
Austria,Nicolas Seiwald,RB Leipzig
Austria,Marcel Sabitzer,Borussia Dortmund
Austria,Florian Grillitsch,SC Braga
Austria,Carney Chukwuemeka,Borussia Dortmund
Austria,Romano Schmid,Werder Bremen
Austria,Dejan Ljubičić,FC Schalke 04
Austria,Konrad Laimer,Bayern Munich
Austria,Patrick Wimmer,VfL Wolfsburg
Austria,Paul Wanner,PSV Eindhoven
Austria,Alessandro Schöpf,Wolfsberger AC
Austria,Marko Arnautović,Red Star Belgrade
Austria,Michael Gregoritsch,Augsburg
Austria,Saša Kalajdžić,LASK
Jordan,Yazid Abulaila,Al-Hussein SC
Jordan,Abdallah Al Fakhouri,Al-Wehdat
Jordan,Nour Bani Attiah,Al-Faisaly
Jordan,Ihsan Haddad,Al-Hussein SC
Jordan,Mohammad Abualnadi,Selangor FC
Jordan,Husam Abu Dahab,Al-Samiya
Jordan,Mohammad Abu Hashish,Al-Karma
Jordan,Yazan Al Arab,FC Seoul
Jordan,Abdallah Nasib,Al-Zawraa
Jordan,Saleem Obaid,Al-Hussein SC
Jordan,Saed Al-Rosan,Al-Hussein SC
Jordan,Anas Badawi,Al-Faisaly
Jordan,Mohannad Abu Taha,Al-Quwa Al-Jawiya
Jordan,Mohammad Al Dawoud,Al-Wehdat
Jordan,Nizar Al Rashdan,Qatar SC
Jordan,Noor Al Rawabdeh,Selangor FC
Jordan,Rajaei Ayed,Al-Hussein SC
Jordan,Amer Jamous,Al-Zawraa
Jordan,Ibrahim Sadeh,Al-Karma
Jordan,Mahmoud Al-Mardi,Al-Hussein SC
Jordan,Musa Al Taamari,Stade Rennais
Jordan,Ali Olwan,Al-Sailiya
Jordan,Mohammad Taha,Al-Hussein SC
Jordan,Odeh Al-Fakhouri,Pyramids FC
Jordan,Mohammad Abu Zraiq,Al-Hussein SC
Jordan,Ali Azaizeh,Al-Shabab
Portugal,Diogo Costa,FC Porto
Portugal,José Sá,Wolverhampton Wanderers
Portugal,Rui Silva,Sporting CP
Portugal,Diogo Dalot,Manchester United
Portugal,Matheus Nunes,Manchester City
Portugal,Nélson Semedo,Fenerbahçe
Portugal,João Cancelo,FC Barcelona
Portugal,Nuno Mendes,Paris Saint-Germain
Portugal,Gonçalo Inácio,Sporting CP
Portugal,Renato Veiga,Villarreal
Portugal,Rúben Dias,Manchester City
Portugal,Tomás Araújo,SL Benfica
Portugal,Rúben Neves,Al Hilal
Portugal,Samuel Costa,RCD Mallorca
Portugal,João Neves,Paris Saint-Germain
Portugal,Vitinha,Paris Saint-Germain
Portugal,Bruno Fernandes,Manchester United
Portugal,Bernardo Silva,Manchester City
Portugal,João Félix,Al Nassr
Portugal,Francisco Trincão,Sporting CP
Portugal,Francisco Conceição,Juventus
Portugal,Pedro Neto,Chelsea
Portugal,Rafael Leão,AC Milan
Portugal,Gonçalo Guedes,Real Sociedad
Portugal,Gonçalo Ramos,Paris Saint-Germain
Portugal,Cristiano Ronaldo,Al Nassr
DR Congo,Matthieu Epolo,Standard de Liège
DR Congo,Timothy Fayulu,FC Noah
DR Congo,Lionel Mpasi,Le Havre AC
DR Congo,Dylan Batubinsika,AEL Limassol
DR Congo,Gédéon Kalulu,Aris Limassol
DR Congo,Steve Kapuadi,Widzew Łódź
DR Congo,Joris Kayembe,KRC Genk
DR Congo,Arthur Masuaku,RC Lens
DR Congo,Chancel Mbemba,LOSC Lille
DR Congo,Axel Tuanzebe,Burnley
DR Congo,Aaron Wan-Bissaka,West Ham United
DR Congo,Théo Bongonda,Spartak Moscow
DR Congo,Edo Kayembe,Watford
DR Congo,Nathanaël Mbuku,Montpellier HSC
DR Congo,Samuel Moutoussamy,Atromitos FC
DR Congo,Ngal'ayel Mukau,LOSC Lille
DR Congo,Charles Pickel,RCD Espanyol
DR Congo,Noah Sadiki,Sunderland
DR Congo,Aaron Tshibola,Kilmarnock
DR Congo,Cédric Bakambu,Real Betis
DR Congo,Simon Banza,Al Jazira
DR Congo,Brian Cipenga,CD Castellón
DR Congo,Meschak Elia,Alanyaspor
DR Congo,Gaël Kakuta,AEL Limassol
DR Congo,Fiston Mayele,Pyramids FC
DR Congo,Yoane Wissa,Newcastle United
Uzbekistan,Utkir Yusupov,Navbahor Namangan
Uzbekistan,Abduvohid Nematov,FK Nasaf
Uzbekistan,Botirali Ergashev,Neftchi Fergana
Uzbekistan,Abdukodir Khusanov,Manchester City
Uzbekistan,Khojiakbar Alijonov,Pakhtakor
Uzbekistan,Farrukh Sayfiev,Neftchi Fergana
Uzbekistan,Rustam Ashurmatov,Esteghlal
Uzbekistan,Sherzod Nasrullaev,Pakhtakor
Uzbekistan,Umar Eshmurodov,FK Nasaf
Uzbekistan,Abdulla Abdullaev,Dibba FC
Uzbekistan,Bekhruz Karimov,Surkhon Termiz
Uzbekistan,Avazbek Ulmasaliev,AGMK
Uzbekistan,Jakhongir Urozov,Dinamo Samarqand
Uzbekistan,Akmal Mozgovoy,Pakhtakor
Uzbekistan,Otabek Shukurov,Baniyas
Uzbekistan,Jamshid Iskanderov,Neftchi Fergana
Uzbekistan,Odiljon Hamrobekov,Tractor SC
Uzbekistan,Oston Urunov,Persepolis
Uzbekistan,Dostonbek Khamdamov,Pakhtakor
Uzbekistan,Azizjon Ganiev,Al Bataeh
Uzbekistan,Abbosbek Fayzullaev,İstanbul Başakşehir
Uzbekistan,Sherzod Esanov,FK Bukhara
Uzbekistan,Ruslanbek Jiyanov,Navbahor Namangan
Uzbekistan,Eldor Shomurodov,İstanbul Başakşehir
Uzbekistan,Azizbek Amonov,Dinamo Samarqand
Uzbekistan,Igor Sergeev,Persepolis
Colombia,Camilo Vargas,Atlas
Colombia,David Ospina,Atlético Nacional
Colombia,Álvaro Montero,Vélez Sarsfield
Colombia,Johan Mojica,RCD Mallorca
Colombia,Deiver Machado,FC Nantes
Colombia,Daniel Muñoz,Crystal Palace
Colombia,Santiago Arias,EC Bahia
Colombia,Yerry Mina,Cagliari
Colombia,Davinson Sánchez,Galatasaray
Colombia,Jhon Lucumí,Bologna
Colombia,Willer Ditta,Cruz Azul
Colombia,James Rodríguez,Minnesota United
Colombia,Jefferson Lerma,Crystal Palace
Colombia,Richard Ríos,SL Benfica
Colombia,Juan Fernando Quintero,Racing Club
Colombia,Jorge Carrascal,Dynamo Moscow
Colombia,Kevin Castaño,FK Krasnodar
Colombia,Jaminton Campaz,Rosario Central
Colombia,Luis Díaz,Bayern Munich
Colombia,Jhon Arias,Wolverhampton Wanderers
Colombia,Jhon Córdoba,FK Krasnodar
Colombia,Juan Camilo Hernández,Columbus Crew
Colombia,Carlos Andrés Gómez,Botafogo
England,Jordan Pickford,Everton
England,Dean Henderson,Crystal Palace
England,James Trafford,Manchester City
England,Reece James,Chelsea
England,Tino Livramento,Newcastle United
England,Marc Guéhi,Manchester City
England,Ezri Konsa,Aston Villa
England,John Stones,Manchester City
England,Jarell Quansah,Bayer Leverkusen
England,Nico O'Reilly,Manchester City
England,Dan Burn,Newcastle United
England,Djed Spence,Tottenham Hotspur
England,Declan Rice,Arsenal
England,Elliot Anderson,Nottingham Forest
England,Jude Bellingham,Real Madrid
England,Jordan Henderson,Brentford
England,Morgan Rogers,Aston Villa
England,Kobbie Mainoo,Manchester United
England,Eberechi Eze,Arsenal
England,Harry Kane,Bayern Munich
England,Ivan Toney,Al-Ahli
England,Ollie Watkins,Aston Villa
England,Bukayo Saka,Arsenal
England,Noni Madueke,Arsenal
England,Marcus Rashford,FC Barcelona
England,Anthony Gordon,Newcastle United
Croatia,Dominik Livaković,Dinamo Zagreb
Croatia,Dominik Kotarski,FC Copenhagen
Croatia,Ivor Pandur,Hull City
Croatia,Joško Gvardiol,Manchester City
Croatia,Duje Ćaleta-Car,Real Sociedad
Croatia,Josip Šutalo,Ajax
Croatia,Josip Stanišić,Bayern Munich
Croatia,Marin Pongračić,Fiorentina
Croatia,Martin Erlić,FC Midtjylland
Croatia,Luka Vušković,Hamburger SV
Croatia,Luka Modrić,AC Milan
Croatia,Mateo Kovačić,Manchester City
Croatia,Mario Pašalić,Atalanta
Croatia,Nikola Vlašić,Torino
Croatia,Luka Sučić,Real Sociedad
Croatia,Martin Baturina,Como 1907
Croatia,Kristijan Jakić,Augsburg
Croatia,Petar Sučić,Inter Milan
Croatia,Nikola Moro,Bologna
Croatia,Toni Fruk,HNK Rijeka
Croatia,Ivan Perišić,PSV Eindhoven
Croatia,Andrej Kramarić,TSG Hoffenheim
Croatia,Ante Budimir,CA Osasuna
Croatia,Marco Pašalić,Orlando City
Croatia,Petar Musa,FC Dallas
Croatia,Igor Matanović,SC Freiburg
Ghana,Joseph Anang,St Patrick's Athletic
Ghana,Benjamin Asare,Accra Hearts of Oak
Ghana,Lawrence Ati Zigi,FC St. Gallen
Ghana,Jonas Adjetey,VfL Wolfsburg
Ghana,Rahman Baba,PAOK
Ghana,Derrick Luckassen,Pafos FC
Ghana,Gideon Mensah,AJ Auxerre
Ghana,Abdul Mumin,Rayo Vallecano
Ghana,Jerome Opoku,İstanbul Başakşehir
Ghana,Kojo Peprah Oppong,OGC Nice
Ghana,Alidu Seidu,Stade Rennais
Ghana,Marvin Senaya,AJ Auxerre
Ghana,Augustine Boakye,AS Saint-Étienne
Ghana,Elisha Owusu,AJ Auxerre
Ghana,Thomas Partey,Villarreal
Ghana,Antoine Semenyo,Manchester City
Ghana,Kwasi Sibo,Real Oviedo
Ghana,Caleb Yirenkyi,FC Nordsjælland
Ghana,Abdul Fatawu Issahaku,Leicester City
Ghana,Prince Kwabena Adu,Viktoria Plzeň
Ghana,Jordan Ayew,Leicester City
Ghana,Christopher Bonsu Baah,Al Qadsiah
Ghana,Ernest Nuamah,Olympique Lyonnais
Ghana,Kamaldeen Sulemana,Atalanta
Ghana,Brandon Thomas-Asante,Coventry City
Ghana,Iñaki Williams,Athletic Club
Panama,Luis Mejía,Club Nacional
Panama,Orlando Mosquera,Al-Fayha
Panama,César Samudio,CD Marathon
Panama,Andrés Andrade,LASK
Panama,César Blackman,Slovan Bratislava
Panama,José Córdoba,Norwich City
Panama,Eric Davis,CD Plaza Amador
Panama,Fidel Escobar,Deportivo Saprissa
Panama,Edgardo Fariña,FC Pari NN
Panama,Jorge Gutiérrez,Deportivo La Guaira
Panama,Roderick Miller,Turan Tovuz
Panama,Michael Amir Murillo,Beşiktaş
Panama,Jiovany Ramos,Academia Puerto Cabello
Panama,Edgar Yoel Bárcenas,Mazatlán FC
Panama,Adalberto Carrasquilla,Pumas UNAM
Panama,Aníbal Godoy,San Diego FC
Panama,Cristian Martínez,Ironi Kiryat Shmona
Panama,Alberto Quintero,CD Plaza Amador
Panama,José Luis Rodríguez,FC Juárez
Panama,César Yanis,CD Cobresal
Panama,Carlos Harvey,Minnesota United
Panama,José Fajardo,Universidad de Concepción
Panama,Azarías Londoño,Universidad Católica
Panama,Tomás Rodríguez,Deportivo Saprissa
Panama,Cecilio Waterman,Universidad de Concepción
Panama,Ismael Díaz,Club León
Norway,Ørjan Nyland,Sevilla
Norway,Sander Tangvik,Hamburger SV
Norway,Egil Selvik,Watford
Norway,Kristoffer Vassbakk Ajer,Brentford
Norway,Leo Østigård,Genoa
Norway,David Møller Wolfe,Wolverhampton Wanderers
Norway,Fredrik André Bjørkan,FK Bodø/Glimt
Norway,Marcus Holmgren Pedersen,Torino
Norway,Torbjørn Heggem,Bologna
Norway,Sondre Langås,Derby County
Norway,Henrik Falchener,Viking FK
Norway,Julian Ryerson,Borussia Dortmund
Norway,Morten Thorsby,Cremonese
Norway,Patrick Berg,FK Bodø/Glimt
Norway,Sander Berge,Fulham
Norway,Martin Ødegaard,Arsenal
Norway,Fredrik Aursnes,SL Benfica
Norway,Kristian Thorstvedt,Sassuolo
Norway,Thelo Aasgaard,Rangers
Norway,Antonio Nusa,RB Leipzig
Norway,Andreas Schjelderup,SL Benfica
Norway,Oscar Bobb,Fulham
Norway,Jens Petter Hauge,FK Bodø/Glimt
Norway,Alexander Sørloth,Atlético Madrid
Norway,Erling Haaland,Manchester City
Norway,Jørgen Strand Larsen,Crystal Palace
Iraq,Jalal Hassan,Al-Zawraa
Iraq,Fahad Talib,Al-Talaba
Iraq,Ahmed Basil,Al-Shorta
Iraq,Rebin Sulaka,Port FC
Iraq,Manaf Younis,Al-Shorta
Iraq,Merchas Doski,Viktoria Plzeň
Iraq,Zaid Tahseen,Pakhtakor
Iraq,Hussein Ali,Pogoń Szczecin
Iraq,Ahmed Yahya,Al-Shorta
Iraq,Mustafa Saadoon,Al-Shorta
Iraq,Akam Hashim,Al-Zawraa
Iraq,Ibrahim Bayesh,Al-Dhafra
Iraq,Amir Al-Ammari,Cracovia
Iraq,Ali Jasim,Al-Najma
Iraq,Youssef Amyn,AEK Larnaca
Iraq,Zidane Iqbal,FC Utrecht
Iraq,Marko Farji,Venezia
Iraq,Kevin Yakob,AGF Aarhus
Iraq,Aimar Sher,Sarpsborg 08
Iraq,Zaid Ismail,Al-Talaba
Iraq,Ahmed Qasem,Nashville SC
Iraq,Aymen Hussein,Al-Karma
Iraq,Mohanad Ali,Dibba Al-Fujairah
Iraq,Ali Al-Hamadi,Luton Town
Iraq,Ali Yousif,Al-Talaba
Iraq,Frans Putros,Persib Bandung
